product_name,energy_instrument,raw_material_instrument,freight_instrument
Acetone,NATURAL_GAS_EU,BRENT,UNMAPPED
Acrylic Acid,NATURAL_GAS_EU,UNMAPPED,UNMAPPED
Acrylonitrile Butadiene Styrene,NATURAL_GAS_EU,BRENT,UNMAPPED
Adipic Acid,NATURAL_GAS_EU,BRENT,UNMAPPED
Aluminium Sulfate,NATURAL_GAS_EU,UNMAPPED,UNMAPPED
Ammonium Bicarbonate,NATURAL_GAS_EU,UNMAPPED,UNMAPPED
Ammonium Nitrate,NATURAL_GAS_EU,UNMAPPED,UNMAPPED
Anhydrous Ammonia,NATURAL_GAS_EU,UNMAPPED,UNMAPPED
Aniline,NATURAL_GAS_EU,BRENT,UNMAPPED
Argon,NATURAL_GAS_EU,UNMAPPED,UNMAPPED
Benzene,NATURAL_GAS_EU,BRENT,UNMAPPED
Benzoic Acid,NATURAL_GAS_EU,UNMAPPED,UNMAPPED
Bio-Naphtha,NATURAL_GAS_EU,BRENT,UNMAPPED
Calcium Chloride,NATURAL_GAS_EU,UNMAPPED,UNMAPPED
Calcium Nitrate,NATURAL_GAS_EU,UNMAPPED,UNMAPPED
Caprolactam,NATURAL_GAS_EU,BRENT,UNMAPPED
Carbon Black N330,NATURAL_GAS_EU,UNMAPPED,UNMAPPED
Caustic Soda,NATURAL_GAS_EU,UNMAPPED,UNMAPPED
Caustic Soda Flake,NATURAL_GAS_EU,UNMAPPED,UNMAPPED
Chlorhexidine,NATURAL_GAS_EU,UNMAPPED,UNMAPPED
Chlorine,NATURAL_GAS_EU,UNMAPPED,UNMAPPED
Chloroform,NATURAL_GAS_EU,BRENT,UNMAPPED
Citric Acid,NATURAL_GAS_EU,MAIZE,UNMAPPED
Cobalt Sulfate,NATURAL_GAS_EU,UNMAPPED,UNMAPPED
Diethylene Glycol,NATURAL_GAS_EU,BRENT,UNMAPPED
Epoxy Hardener,NATURAL_GAS_EU,UNMAPPED,UNMAPPED
Epoxy Resins,NATURAL_GAS_EU,UNMAPPED,UNMAPPED
Ethanol,NATURAL_GAS_EU,MAIZE,UNMAPPED
Ethyl Acetate,NATURAL_GAS_EU,UNMAPPED,UNMAPPED
Food-Grade CO2,NATURAL_GAS_EU,UNMAPPED,UNMAPPED
Formaldehyde,NATURAL_GAS_EU,BRENT,UNMAPPED
Formic Acid,NATURAL_GAS_EU,UNMAPPED,UNMAPPED
Gelatin,NATURAL_GAS_EU,MAIZE,UNMAPPED
Glacial Acetic Acid,NATURAL_GAS_EU,UNMAPPED,UNMAPPED
Glucose Syrup 42DE,NATURAL_GAS_EU,MAIZE,UNMAPPED
Glycerin,NATURAL_GAS_EU,MAIZE,UNMAPPED
Glycol Ether,NATURAL_GAS_EU,UNMAPPED,UNMAPPED
High Density Polyethylene,NATURAL_GAS_EU,BRENT,UNMAPPED
Hydrochloric Acid,NATURAL_GAS_EU,UNMAPPED,UNMAPPED
Hydrogen Peroxide,NATURAL_GAS_EU,UNMAPPED,UNMAPPED
Hydrogen Peroxide 50%,NATURAL_GAS_EU,UNMAPPED,UNMAPPED
Iron Oxide,NATURAL_GAS_EU,UNMAPPED,UNMAPPED
Isopropanol,NATURAL_GAS_EU,UNMAPPED,UNMAPPED
LABSA,NATURAL_GAS_EU,UNMAPPED,UNMAPPED
Lactic Acid 88%,NATURAL_GAS_EU,MAIZE,UNMAPPED
Lead Acetate,NATURAL_GAS_EU,UNMAPPED,UNMAPPED
Linear Alkylbenzene,NATURAL_GAS_EU,UNMAPPED,UNMAPPED
Liquid Hydrogen,NATURAL_GAS_EU,UNMAPPED,UNMAPPED
Liquid Nitrogen,NATURAL_GAS_EU,UNMAPPED,UNMAPPED
Lithium Carbonate,NATURAL_GAS_EU,UNMAPPED,UNMAPPED
Low Density Polyethylene,NATURAL_GAS_EU,BRENT,UNMAPPED
MTBE,NATURAL_GAS_EU,BRENT,UNMAPPED
Maltodextrin,NATURAL_GAS_EU,MAIZE,UNMAPPED
Melamine,NATURAL_GAS_EU,UNMAPPED,UNMAPPED
Methanol,NATURAL_GAS_EU,BRENT,UNMAPPED
Mica Powder,NATURAL_GAS_EU,UNMAPPED,UNMAPPED
Mixed Xylenes,NATURAL_GAS_EU,BRENT,UNMAPPED
Monoethylene Glycol,NATURAL_GAS_EU,BRENT,UNMAPPED
Nickel Sulfate,NATURAL_GAS_EU,UNMAPPED,UNMAPPED
Nitric Acid,NATURAL_GAS_EU,UNMAPPED,UNMAPPED
Nylon 66,NATURAL_GAS_EU,BRENT,UNMAPPED
PLA Resin,NATURAL_GAS_EU,MAIZE,UNMAPPED
PVA Resin,NATURAL_GAS_EU,UNMAPPED,UNMAPPED
PVC Resin,NATURAL_GAS_EU,BRENT,UNMAPPED
Phenol,NATURAL_GAS_EU,BRENT,UNMAPPED
Phosphoric Acid,NATURAL_GAS_EU,UNMAPPED,UNMAPPED
Polyaluminium Chloride,NATURAL_GAS_EU,UNMAPPED,UNMAPPED
Polyethylene,NATURAL_GAS_EU,BRENT,UNMAPPED
Polyethylene Terephthalate,NATURAL_GAS_EU,BRENT,UNMAPPED
Polypropylene,NATURAL_GAS_EU,BRENT,UNMAPPED
Polystyrene,NATURAL_GAS_EU,BRENT,UNMAPPED
Polyurethane,NATURAL_GAS_EU,UNMAPPED,UNMAPPED
Potassium Chloride,NATURAL_GAS_EU,UNMAPPED,UNMAPPED
Potassium Hydroxide,NATURAL_GAS_EU,UNMAPPED,UNMAPPED
Reactive Dyes,NATURAL_GAS_EU,UNMAPPED,UNMAPPED
SLES 70%,NATURAL_GAS_EU,UNMAPPED,UNMAPPED
Silica Sand,NATURAL_GAS_EU,UNMAPPED,UNMAPPED
Silicone Fluid 350,NATURAL_GAS_EU,UNMAPPED,UNMAPPED
Sodium Acetate,NATURAL_GAS_EU,UNMAPPED,UNMAPPED
Sodium Bicarbonate,NATURAL_GAS_EU,UNMAPPED,UNMAPPED
Sodium Carbonate,NATURAL_GAS_EU,UNMAPPED,UNMAPPED
Sodium Citrate,NATURAL_GAS_EU,UNMAPPED,UNMAPPED
Sodium Fluoride,NATURAL_GAS_EU,UNMAPPED,UNMAPPED
Sodium Hydroxide,NATURAL_GAS_EU,UNMAPPED,UNMAPPED
Sodium Hypochlorite,NATURAL_GAS_EU,UNMAPPED,UNMAPPED
Sodium Lauryl Sulfate,NATURAL_GAS_EU,UNMAPPED,UNMAPPED
Sodium Percarbonate,NATURAL_GAS_EU,UNMAPPED,UNMAPPED
Sodium Phosphate,NATURAL_GAS_EU,UNMAPPED,UNMAPPED
Sodium Sulfate,NATURAL_GAS_EU,UNMAPPED,UNMAPPED
Sorbitol 70%,NATURAL_GAS_EU,MAIZE,UNMAPPED
Styrene Acrylonitrile,NATURAL_GAS_EU,BRENT,UNMAPPED
Styrene Monomer,NATURAL_GAS_EU,BRENT,UNMAPPED
Sulfuric Acid,NATURAL_GAS_EU,UNMAPPED,UNMAPPED
Titanium Carbonate,NATURAL_GAS_EU,UNMAPPED,UNMAPPED
Titanium Dioxide,NATURAL_GAS_EU,UNMAPPED,UNMAPPED
Toluene,NATURAL_GAS_EU,BRENT,UNMAPPED
Tungsten Trioxide,NATURAL_GAS_EU,UNMAPPED,UNMAPPED
Urea,NATURAL_GAS_EU,UNMAPPED,UNMAPPED
Vinyl Acetate Monomer,NATURAL_GAS_EU,BRENT,UNMAPPED
n-Butanol,NATURAL_GAS_EU,BRENT,UNMAPPED
